{
  "project_info": {
    "project_number": "473494632293",
    "firebase_url": "https://run-buddy-74ad0.firebaseio.com",
    "project_id": "run-buddy-74ad0",
    "storage_bucket": "run-buddy-74ad0.appspot.com"
  },
  "client": [
    {
      "client_info": {
        "mobilesdk_app_id": "1:473494632293:android:e8f532647a4a873e83938c",
        "android_client_info": {
          "package_name": "com.example.trial"
        }
      },
      "oauth_client": [
        {
          "client_id": "473494632293-i1jgm3hieeubr0lhr3ahbqajjmichs7g.apps.googleusercontent.com",
          "client_type": 3
        }
      ],
      "api_key": [
        {
          "current_key": "AIzaSyCmrG21jVj3F_QghaaBIeM8rPmuMepCEeo"
        }
      ],
      "services": {
        "appinvite_service": {
          "other_platform_oauth_client": [
            {
              "client_id": "473494632293-i1jgm3hieeubr0lhr3ahbqajjmichs7g.apps.googleusercontent.com",
              "client_type": 3
            }
          ]
        }
      }
    }
  ],
  "configuration_version": "1"
}